epoch,step,val/pesq,val/si_sdr
0,0,4.109006404876709,-55.790138244628906
