epoch,step,val/pesq,val/si_sdr,val/snr
0,0,1.0374466180801392,-63.429725646972656,-5.995484828948975
