epoch,step,val/pesq,val/si_sdr
0,0,1.0580074787139893,-57.25631332397461
