epoch,step,val/pesq,val/si_sdr
0,0,1.0283252000808716,-63.6591682434082
