epoch,step,val/pesq,val/si_sdr
0,0,4.102449893951416,-56.685768127441406
