epoch,step,val/pesq,val/si_sdr
0,0,1.0539087057113647,-56.227699279785156
