epoch,step,val/pesq,val/si_sdr
0,0,4.127981185913086,-58.31849670410156
