epoch,step,val/pesq,val/si_sdr
0,0,4.114938735961914,-57.628501892089844
