epoch,step,val/pesq,val/si_sdr,val/snr
0,0,1.0602668523788452,-62.809749603271484,-8.201960563659668
