epoch,step,val/pesq,val/si_sdr
0,0,1.030624270439148,-66.15132904052734
