epoch,step,val/pesq,val/si_sdr
0,0,1.0415780544281006,-59.537254333496094
