epoch,step,val/pesq,val/si_sdr
0,0,4.133141040802002,-58.70174789428711
